sha256,source_label,truth,fold,top1,top2,probability_computer,probability_book,probability_other
24db0a98d7135f56912e8c8c447415d621b1659fac5a18f4302d5a49b0873c1f,bed,other,5,other,"other,book",0.19205265179089556,0.2677945192715797,0.5401528289375247
81acf7162cf45e875c2038c2acb2147bf525c46910ad44b76f7a91e5821b6f94,bed,other,3,other,"other,book",0.0028365582176287443,0.040945171444296255,0.956218270338075
c368b7e3bf84b02b7ce55035a003f592fa87daef0fd14fbe1ea09174dd4a7807,bed,other,4,other,"other,book",5.5406700162894605e-08,1.5310658427539269e-06,0.9999984135274571
da1f03a9566de1db3539742e33742f0561419ca8fd58050381f62bb0c292156e,bed,other,4,other,"other,book",2.596485357283463e-06,0.00013799172565577396,0.9998594117889869
d45f1fe5a2715d93829b7dc7433553c197be5ea27c834c8ab37df4b9fffe2e3b,bed,other,3,book,"book,other",0.00015873557910384573,0.9947784052247718,0.005062859196124444
ea652d8e0f018e10094a653645f1e826e4e51a321dfa5aea3c1a47b409a9a428,bed,other,2,other,"other,book",0.03692501855570795,0.29128014362673843,0.6717948378175537
dcb695bcc77c5eaabcdd33979509119331452c2ba102c09a62fb72e191df8463,bed,other,2,other,"other,book",0.05143843684298611,0.11355024810759193,0.8350113150494219
068036356d3b9b27b3ae100d291f7eead54db9de668f9dbf944c2a599e6c8b19,bed,other,3,other,"other,book",0.0006797382926961743,0.01109020832581266,0.9882300533814913
e5b67333cf772aecbe1e57be79fe068da15597397223452f15cfaf6f7b3d3807,bed,other,1,other,"other,book",0.00040257285190462857,0.000646486372519934,0.9989509407755756
b471d10f9500599bf2a1862b80d0d95937cf55ae8f834c35fedd409007d9f4bc,bed,other,1,other,"other,book",0.007260801507807122,0.4894159226631388,0.503323275829054
b36fe9d9e15a61d3040498ab771bc6493af93cdc55b0e7d0f54f2b066ecaf035,bed,other,1,other,"other,computer",0.014641836675918783,0.0008434780969721426,0.984514685227109
041ea5c0487b07c5360457cd5ff8853d88bfe0ccc4fee74f88ef28ed44b4aec1,bed,other,2,other,"other,book",0.0033144509634991394,0.005936337178675649,0.9907492118578252
2d41b011a1fd53b30f33a3c9d7746d5d0a71abbb10d74b6c3d7ea2e5f03ae610,bed,other,5,computer,"computer,other",0.6483982534070923,0.043504323140943796,0.3080974234519638
ee4d2380f2a66d9e78d3d8abcac5d317aa187ca9a7ba72d4882bacdb1780b153,bicycle,other,2,other,"other,book",0.00034450768260222656,0.000584035260768492,0.9990714570566294
e656e77a96f90b8d9c2bd4c07b97cc706a688859cf1c7d454a9e16c9d595f69e,bicycle,other,4,other,"other,book",1.566745392419763e-08,0.00030261667603452596,0.9996973676565116
7bdd095f8b24b78c79365c27d55779aa3640f0fc804043664340414d9c3180d6,bicycle,other,1,other,"other,book",2.7648962629141067e-06,5.0648204237193164e-05,0.9999465868994999
e016c18d09ea81ead0f463bcd8bf98d577a5c8bf8c6919ad7c81d35820060d11,bicycle,other,5,other,"other,book",0.0355393086636894,0.05967294767056944,0.9047877436657411
c438dbe9cb8961e3811d6fb25797cca24fdde886ef982b901df1e5668982d14b,bicycle,other,4,other,"other,book",4.16514603810607e-09,7.562179049058097e-05,0.9999243740443634
fe28ad4b8eb7d34b135671eda2919da5a9e9dac229d81094b67718289ecaffbf,bicycle,other,1,other,"other,book",6.237395363583116e-05,0.00012623713329608038,0.9998113889130681
ef449c753fe7f6f0cceaf7c0b00a753361672388a7fd2e2e0180e5475b4f2ba1,bicycle,other,2,other,"other,book",0.0009034822095937469,0.010229539376875992,0.9888669784135302
a062e1c8c24ec6ecc7f8cee73e30e389a1c6ec4de12f2aa4161942808d3d7378,bicycle,other,4,other,"other,book",1.1419433658599325e-07,1.3352068010125203e-05,0.9999865337376534
c7cf540158ad7b38f3b3a593e486cc5ac4c75d758063218579ecdd04f16e32a0,bicycle,other,5,other,"other,book",0.29740854310803394,0.3291477225151677,0.37344373437679834
968f3dd50e1dd85cdbb49ed42b2bbd1c5365f117cfc4ee4ba58fbca85b479dd8,bicycle,other,2,other,"other,book",0.00034690097649899,0.0003505548635066477,0.9993025441599943
094cfb922d9a356922a2ee252975f53a8e761df8b022cc2ba3852788184ce731,bicycle,other,3,other,"other,computer",0.0003524020720562186,5.2454759403619445e-05,0.9995951431685401
325b85b67fecdaa4615d32fd0b209b1e2967c01685c3211413870f39e4f187f1,bicycle,other,4,other,"other,book",7.1724895592345894e-06,8.069665904376074e-06,0.9999847578445364
003661735f94047d60b6c20619cd799ba74e049f2e282fbde1eace9f52fd93b2,bicycle,other,1,other,"other,book",1.2108950899620163e-05,7.217969387769406e-05,0.9999157113552227
f3890274f26bf0730c07764f6c2592939c1a117d73618181d8e6c03b32fb2e87,bicycle,other,2,other,"other,book",0.0003882211880536844,0.0016837145829646171,0.9979280642289817
80e5c4675fad679b7d8ab2314d7c87aafad400dcbc69c187de54a45d3db3b558,bicycle,other,4,other,"other,computer",4.3275984589574986e-05,5.294610462589636e-06,0.9999514294049479
a65767fc72ce47d780ed707ef9cbecefb48d097172da67218c94d98df4a9c41e,bicycle,other,1,other,"other,computer",4.4246802690994445e-05,2.9337242190831064e-05,0.9999264159551181
6073e3553bdb3d840360001ae9ff404b436434c9b4a99a89bcee40cb40eb0f93,bicycle,other,5,other,"other,computer",0.3707564501265885,0.0670836126810562,0.5621599371923554
7f9027ac3310baa8c05f553178a116eb6192518836d70f35472819a7ea2b2416,bicycle,other,1,other,"other,computer",0.012486226822332847,0.00016518301632228397,0.9873485901613448
4491640cf8dcc98e8f1fd843ec8878755be2dc5f951ff5393308ee4ba2cae80a,bicycle,other,5,other,"other,book",0.0034800197559837235,0.04539848051129982,0.9511214997327165
96945fb7ab7bf4a4a9562c04d94da78c882a383ad47774b1887a141075ca8c06,bicycle,other,4,other,"other,book",1.0794396266489283e-10,5.055994700996127e-07,0.999999494292586
800c71f21fb3cab81c59b15cffe4ada8e182a3f30a7d8f8b674ec7b2bc705209,bicycle,other,2,other,"other,book",0.001099371116239451,0.005874290351305784,0.9930263385324547
3704906a590343244ce513714134e173a84fe9ecfa68958e8de6955cd1067918,bicycle,other,5,other,"other,book",0.01344022720603869,0.034282653878290804,0.9522771189156705
7167fca8d0834ef00e6eb1133940c1e4536d11c1fe3ea48ad19ce7621773351c,bicycle,other,1,other,"other,book",1.087844601709464e-05,0.0003177540107819483,0.9996713675432011
86afd20db2bfbf4075561809943665c540c2a54ad278734ed19981f517e7812d,bicycle,other,3,other,"other,computer",0.059136265593385105,0.0018888974907862015,0.9389748369158287
08e355cc49cac9a2f3491eb4a66aece430b266c674ae04fb239df50c0444de39,bicycle,other,3,other,"other,book",0.00019320858079061685,0.000645212929135714,0.9991615784900737
c41900b7b110d4bf787f16d71508fc7f68de92e87e5b04de4ccaf53c4350a3d2,bicycle,other,2,other,"other,computer",0.0007258478847475655,0.0005621139022598998,0.9987120382129925
3cd01763946d07585c907a702236489d4088a9d999fe475202800160a08cddbd,bicycle,other,1,other,"other,book",2.4125693118693452e-06,8.48169283210694e-06,0.9999891057378562
133b864b04ddec806e4054a45bd9967af0dc1d89ca2d4a655b4643c56b9041e4,bicycle,other,5,other,"other,book",0.009694826816619918,0.017684782806507038,0.9726203903768731
74608086424398122c12a534ee3b7c0c42fe0db4196f3e79b003f635c6186f69,bicycle,other,2,other,"other,book",0.0007010865523177245,0.0014090515050727297,0.9978898619426095
17980691517d92534fe8e48e866dd7e542ce5a30645dd47213871e228f42008b,bicycle,other,1,other,"other,book",1.8196043165400073e-06,1.4841861889914421e-05,0.9999833385337935
1b41588a5cb4e983b73873f9833ad76609d9e955d1257d14f5b3e6eaf8f358f7,bicycle,other,3,other,"other,book",3.426451841241708e-05,5.0318302922504993e-05,0.999915417178665
6857c3d544c7b316dee3c4413695a207f47fc03a7d4175c712d6a0b49e269539,book,book,2,book,"book,computer",0.03568266802669787,0.9297991896581423,0.0345181423151597
89c617f13327e6e14eda6cb015898e4e09d75428972b36e02c6ed428300cf345,book,book,3,book,"book,other",0.0011876861325694154,0.9968682459657464,0.0019440679016843002
3d0db342e65421bfea0a6c0c3e1a6203b1c1289bc9b76b65a590fe53b83dc074,book,book,5,computer,"computer,book",0.6167053928077517,0.34251961449706314,0.040774992695185176
313c744773ab570827ae133ccfbc09fcef20531141490c65aff62e65c003a324,book,book,5,book,"book,other",0.02388487494763202,0.8998465152842314,0.0762686097681365
c1654ed0df9f3a7f7a74487eb849694dfcd7e6ee1bfda1550d1edbd4425f2bde,book,book,4,book,"book,computer",1.3685633779950124e-07,0.9999997661054104,9.703825172481285e-08
c735e9a8b4f44c8b9dd0bd80bd2537d90a65b17b168c1ae49d610a1fca2441f7,book,book,2,book,"book,other",0.002520410561853025,0.9933634906597847,0.0041160987783622925
5096f861a85a94a80e09d2195e9b1c1faa58cfb018981d013c8c17ab0d04e96f,book,book,3,book,"book,other",0.0007886581004456462,0.9948203400905469,0.004391001809007274
88f24c001759beca4e8ef4041128d6ed09a964e7034592dc30e4f23ef982ce72,book,book,2,book,"book,computer",0.003382299897148427,0.9956602065372934,0.000957493565558125
8e3dd012e6601fbbdf465131eb1abfaa012445bb44b37bd422da2369388db52f,book,book,2,book,"book,computer",0.0224128943863549,0.9683055438390777,0.00928156177456737
7019a8aec330b9473ca6378b3011d624fef2deefb7956dbf57599029799ba652,book,book,5,book,"book,other",0.051518665852212576,0.8096372396611724,0.138844094486615
81b17c53443c5c37b3807ecfbc8dc992bdb2a45272314c46964b3c5840083dd2,book,book,1,book,"book,other",0.023397710399330196,0.7481051489042345,0.22849714069643526
51ba9e70630b287ec288cf67c940dda2897f608499e5b75a1ea0d80109a8646a,book,book,5,book,"book,other",0.10483897684628282,0.7791534092718261,0.11600761388189107
cfb435eef867216e48ac9f48c33b1c431c2cd8556d85c853e5bb29cd469808aa,book,book,4,book,"book,other",6.278583000913265e-07,0.9999930622495928,6.3098921070675625e-06
fbab81106235cd716b6ddb9af1bf4a4e34c35a1237380cb9e184342297f34d2f,book,book,3,book,"book,computer",0.0127397701185954,0.9854678913905944,0.0017923384908102725
76baaee5cff1237c3e057086d81a57d07b2f4580bdb5139a7ef2539c291aeec6,book,book,3,book,"book,computer",5.440807686659497e-05,0.9999352391012963,1.0352821837038522e-05
43d3f4924e3065fe5f78b9d88402bc17e8acc5026c865a1d3c8a4a12b5ea528b,book,book,1,book,"book,other",8.120365985552616e-05,0.999670337844599,0.0002484584955455227
2ec8d625cdbe6768c72aadfdd224a1d71895e4ad7d36aba49009a81a7ac5955d,book,book,1,book,"book,other",0.016302476380132477,0.8787255518780939,0.10497197174177375
2f4148b836b397ec379b401030be11daa13ebb0f909e08712d4406e2eefc37a7,book,book,4,book,"book,other",4.449590549852114e-06,0.9999325668244957,6.298358495440921e-05
65e4cb0da863b0485cc43ce69eca5cc6e6c46bfc0c81cd3a8960c30de149a8c8,book,book,2,book,"book,other",0.0005164208537683857,0.9956538143001293,0.0038297648461023313
3ec73f3de03ca6df528ee063535ee75fe594a88eb7598258075a19db0f3221ff,book,book,3,book,"book,computer",0.02413100744841105,0.9749893535192563,0.0008796390323324362
d606c6a7e4e0b8b0af2dc802f891456c6ffcd0a54023df381148ea404ddc5fee,book,book,1,book,"book,other",0.006803154742631954,0.6846002989828207,0.30859654627454725
1384dc295efe83f941a80cd536f9a82f53bee6ce3fa54e473d43c74eb6942e73,book,book,4,book,"book,other",0.0003239366578674101,0.9966139718129551,0.003062091529177507
2e67d6eed38cc23ebabd03a0a8fb46804074337228c8f45bf82553c591c1ac88,book,book,5,book,"book,computer",0.04723409128207586,0.9271326460895224,0.025633262628401758
d0b37445bb2386083fb8cf3b85e82167147335cf932567090bc33efbb78d4f38,book,book,3,book,"book,other",0.0009446039314065408,0.9935919304036464,0.005463465664947176
54c7f6c13d704b41dfd105398c07091de75e7cdfa3263c14b2ce6d0d0ef72a28,book,book,4,book,"book,other",6.185420341175462e-06,0.9999227572996718,7.105727998697324e-05
3c7ae814618ace76fae33a59337fbe84d9cefefc54b5e23f6d3d91981607aae3,book,book,5,book,"book,other",0.05380923531071082,0.8917609257765571,0.054429838912732134
d5e13e00dac7557497c381ecaba7046b4179c689ab984d5b03f420136f8f926b,book,book,1,book,"book,computer",0.0003209109362051549,0.9994048653493945,0.0002742237144003967
82535ec96d6f5292d5f0fbb9daa16c4b4b55cf5be4eaabebef8ddb854ba237ed,book,book,2,book,"book,other",0.0003744009931432415,0.9988743062948796,0.0007512927119772861
0a2ebefb59daf21ccc2eb8cd85d44ff964d0058034b4724966111446d51ef7c1,book,book,2,book,"book,other",0.02616093876897112,0.8942772053968069,0.079561855834222
bb302f9e4b7727e142025c3a821886e3bf0db04c5a88ffa078d133df63c80077,book,book,5,book,"book,other",0.04500401109795531,0.8995566733050353,0.05543931559700947
687c3cafee08457f6037ae8fc6892d985ce08111e82c2a60abbaf11ff4a92c16,book,book,3,book,"book,other",1.3037743832662679e-05,0.9998118341431111,0.0001751281130561844
63c4eea32b9d43fb3dabe2eec6402d924f37c2ae727a88ad96c091ad2f5a35dc,book,book,2,book,"book,computer",0.19455917770975079,0.7790761863178264,0.02636463597242295
0cd98b3d6fa0d0c509f5ff0e9a797819ea1e6ee0a0678e065e11a4e74b0e4b64,book,book,1,book,"book,computer",0.002106494904222424,0.996196132924424,0.0016973721713536077
fdff4022600237feb001d95ba558a27abafbb55bacf146cf9c530fa6a9604ca9,book,book,4,book,"book,other",7.602087514838105e-09,0.9999026589044974,9.733349341519817e-05
bb6b1f8865d646109f42e59165355d138134e32ca625449273feaf928fea0391,book,book,3,book,"book,other",0.00026454777317922677,0.7267134646796788,0.27302198754714196
5497c1aa2522ed383764e2cda858eeb72161ad73e51a4f4133f796115936bb2c,book,book,2,book,"book,computer",0.017858231253348098,0.9731166700794379,0.009025098667213776
4e38f7509e29d28bc207e1989be8c26db0f569ee6e1836cb64d2ac22813e678c,book,book,5,book,"book,computer",0.11987257942158687,0.791616712517914,0.08851070806049911
a7ff27cdd99c9309b1842e0b8d764dc771fa1e22e8b4ec9d1d1d53fd543c637a,book,book,4,book,"book,other",0.0001197148399542872,0.9830465675690572,0.0168337175909887
85e37978d21be5da2b70c6a46c43a2c309b7681f5a5ff054270d6533afe8bbb1,book,book,4,book,"book,other",5.692872831430702e-07,0.9999629447943954,3.648591832145946e-05
9041af1a1a2da0cb0136a901cde4a7969b443e25f6f4d47ca7c0dc975ec54b7d,book,book,2,book,"book,computer",0.025786799454547253,0.9547752200224401,0.019437980523012613
fd6a8d8f0b9000e4cf59e9f8e7a02b6ddfffdc35bea25067cce07633ffb54928,book,book,5,book,"book,other",0.017820381418044207,0.9614956240406924,0.020683994541263327
0fae613dede5b38487f2e0ba8a9b0659eafa9dca0d4686c740d920d49a4b5598,book,book,4,book,"book,other",2.1945440709888224e-05,0.9998288832249526,0.00014917133433750912
3a4fc3d44fa704abd4c0425425dd9cd0bd0929893acfbeb5995e9c312a4d5c44,book,book,1,book,"book,computer",0.36173302873843793,0.5572128739778575,0.08105409728370463
3185a13d54d103832775e6a613f0a167079746160f1e7c6e9f4cc80efb6c3e17,book,book,1,book,"book,other",0.05683251243409165,0.8686790010303382,0.07448848653556998
61151dae49a28d0e16ea9deeb2afab61f4427eac74727a72a61c99dc29d3c7fc,book,book,4,book,"book,other",6.740391985382545e-05,0.9997977827276248,0.00013481335252135378
ced2a5de015433ce59c5b59ac9da606308d5a9df7627a8ffe88fd2ef4fa06ad5,book,book,5,book,"book,other",0.09247548393223587,0.7571390398827931,0.15038547618497092
019787920e638f1e2bd8c3e4fd6018708119da6fecb7190fd95cbbd8d9333578,book,book,1,book,"book,other",1.0003414034044204e-05,0.9999539530584278,3.604352753803941e-05
fc750a0c0badfa31a7b2da70578c9137af9c616eefd63bd37aa86f617dfd5706,book,book,4,book,"book,computer",0.0003074478524646839,0.9995264614698286,0.00016609067770656052
c3cf82d3cb64811dde7213098f2d2df4a2cdaa184a5cb0e8899ec7359b0cc177,book,book,2,book,"book,computer",0.03736777884225704,0.9557132003851835,0.006919020772559463
f2e70a0e796ee0eeb60865453eddaf437f83057417a811998fd0515ffe154008,book,book,2,book,"book,other",0.0021615174129756905,0.9938299919699018,0.004008490617122521
7da5bde7d42f4753dae7d30ea10d7a0adea38a880c5cd66e517080ae5c9b74bb,book,book,3,book,"book,other",8.619922710066719e-05,0.9926476293264763,0.007266171446423094
d3de9c924fff7ac8b38d11d734d5334ea96572726bf168f4b37b0206c07f9667,book,book,4,book,"book,computer",0.0021568014669601566,0.9978177644218188,2.543411122095694e-05
a01f2bd1befa20868f4e45f6b1c9be0a58728673852c4af45e1e2932bebad82a,book,book,5,book,"book,computer",0.025755782845630907,0.9630959354931905,0.011148281661178814
5afdd766162f3e32ff96cc14dc74423f6633fbe5d8103af3f8099aac161767b7,book,book,3,book,"book,computer",0.10550066472921202,0.8942825684491232,0.00021676682166479926
6be65fef9f083d5040e2c6a84f330feef2d33c124d0ab76444c29cb5c902f9b8,book,book,2,book,"book,computer",0.006165347001172277,0.9888682454772018,0.004966407521625912
c13a3082ccfdccfaf2bdd01938ece3e66380f821fd2168e25c29804fcbe59bad,book,book,2,book,"book,computer",0.16132293978365933,0.8321923353518105,0.0064847248645301826
19e9ee7c01ee9d432b77d216eb2e5ba5860d98c9141c13d277b9bd3bc77eb20d,book,book,4,book,"book,other",1.5832085925816942e-07,0.9999181082265631,8.173345257741315e-05
ec398aa0d7748b704f13a3c27e8ec2a4f31d906c8bf2027bcc136495c0443e9a,book,book,4,other,"other,book",4.81982675927923e-06,0.0005679795203533366,0.9994272006528874
b9d3b509fe57fea6c3a0aff31fca5b7ffb37a518a20b7a28d85b3a668792768b,book,book,5,other,"other,computer",0.3036477135559753,0.23897642082351214,0.45737586562051247
5bd60b1204e56c0fd286dbe71d4f65777a1b9356e38396938ca96db390d10d74,book,book,3,book,"book,other",0.00040449755605593575,0.997038211307668,0.0025572911362759473
8fd2f6e7bab6c181030a939a55c378768b22935859edb10adb09e0a61ae9623a,book,book,1,computer,"computer,book",0.9134096689415406,0.08034777432820256,0.006242556730256706
67b2d40d49457b70cf3ae9ae6486c61dc13372451374c4e383f9a542429c9472,book,book,5,computer,"computer,book",0.5388329083730161,0.3708713203697659,0.09029577125721812
d3fa8be57617f296a076e531ca7840163a477f5b12d4d3bd2b6c3a8d6a1e616b,book,book,1,book,"book,computer",0.0140653465234186,0.9834685435519848,0.0024661099245965592
f3249b46212289b738542a79ae2a401352349496dfd7154022c2b66121a631dc,book,book,1,other,"other,book",1.987276059626668e-06,0.08450165735246551,0.9154963553714749
c7c0a1ae8d450b659b1e14b6cbd63bd3e48a4d2c2fedc986917a5043c71e614c,book,book,2,book,"book,computer",0.0007186434908931189,0.998890948827211,0.00039040768189583077
8f5251249d6cd3dc2a90a2cc6c9d4b75aa9de5b9889de14cbe5c7a9079b1d55e,book,book,3,book,"book,computer",0.27283386835004403,0.7115803986024224,0.015585733047533544
fad5f2e0289f6b52ce5f74df36d00ff0ef0cdae8d912434bd68d7c9a6cf2ae5b,book,book,1,book,"book,computer",0.0006685556541960465,0.9990190066305772,0.0003124377152268477
3f95fcf596928d3f9602fb08e72bfd868b2ed31a9dd59f063704139b6459de2d,book,book,3,book,"book,other",0.0025928127985232726,0.9876495660279064,0.009757621173570284
c192fa6bc2697e061adada056154241c4697ff6bb6e85a883156b09f28ac32fb,book,book,5,book,"book,other",0.08321636567130239,0.7927263946953724,0.12405723963332511
ed5b84d98a6bce93f2c8d2767b4d8c0bae96fa8d5bb89d403f9735d21d1bd77f,book,book,3,book,"book,other",0.003719731556375901,0.6064037191304916,0.3898765493131324
900921e8f02307770870957326521701e67310acfdb8b3125b457445e49862e6,book,book,1,book,"book,other",0.0015878293596322808,0.9964412154367455,0.0019709552036223953
e75d60c4182277f9eae2c34ebc474129f65213d65e3152eaa37675aa1118bc26,guitar,other,4,other,"other,book",9.480087596627215e-06,0.0010810160451533255,0.9989095038672502
ca5f49b33086f2437ad1ea67bc6625dcd99342542948dde26b54055e07930833,guitar,other,2,computer,"computer,other",0.895321919625352,0.003922140762237764,0.10075593961241008
714b7ec89982ef619245534d917045078feeaaa0be6c44e25e2efba9b8fef2fa,guitar,other,1,other,"other,book",1.5221659246384053e-07,1.7427013937154763e-07,0.9999996735132681
0f3cb5837041f07f133c98cc6f5451e28cb40236e00f2e19a0ddfddb38099ea4,guitar,other,5,other,"other,book",0.013086300189952606,0.13488461164279678,0.8520290881672506
4887d639a109af1499a22265e910cdfab4ad4b2cf04f07201423b27321a91f05,guitar,other,2,other,"other,computer",0.00446536170472118,0.002463996299955854,0.9930706419953229
8648a46fc2544fae4b8e054637a2611aea4c4aa1eeeb0e2507c51e213e6c11c9,guitar,other,4,other,"other,book",1.1852850665349406e-05,3.0196016976432037e-05,0.9999579511323582
2d9dd2df28ca19685d114201ff9e50b7facafa1780699b5974871084912e6b58,guitar,other,3,other,"other,computer",0.04433748548445769,0.041859373629608225,0.913803140885934
4162398aa00b537e49e494bd6138e3075b7bbf9e264b6bd604c2e6f81963549c,guitar,other,1,other,"other,computer",0.25521922873059666,0.0003520310538107965,0.7444287402155926
25416bd646f53424e78a6c86f29a4c97ecae04a7f88c8bfe244b303a7b5ddade,guitar,other,2,other,"other,book",0.0035262410508967433,0.0038275123345925446,0.9926462466145107
9915d92b74e6b508925b00d0b7c5caf3400ca48944d6ec4552b4c7ce35954c81,guitar,other,1,other,"other,book",0.009194583363402703,0.00934328845368036,0.9814621281829169
803ff79227f790ac76e23e286d0b7fcc60583b07d3c0a1eefc92d1051ff94889,guitar,other,1,other,"other,computer",0.0048111907507704076,0.00446358218467548,0.9907252270645541
aa4e1a06c787966b0a3d1c1f5a9b8c97139930826784465098304a39f4c0555d,guitar,other,2,other,"other,book",0.0010253501497619925,0.006940243360104422,0.9920344064901335
2382f36c6627982e16ec2704344ff11c4a66a5fae0feb36ed532ed6dc015773b,guitar,other,1,other,"other,book",0.00016814845338195938,0.0009432395141957924,0.9988886120324222
ac63f50f1f5cc8c6ea5c8e857306b0ef7cf89fa314cbfc11284ccc2b7f0490ea,guitar,other,4,other,"other,computer",0.016527613627131843,0.013541425836430157,0.969930960536438
46317954d2bd91988525a8ef3f10b39ecb19af49c7698df0288dabeacc968f1a,guitar,other,1,other,"other,book",7.1324623151630645e-06,0.00020567086621376651,0.999787196671471
4e12cbf0b51f89ce381f54eff71af7ab207cdb4b08330b6629e7f3b6a9101bb5,guitar,other,4,other,"other,computer",0.05031984390891783,0.020451481143954325,0.9292286749471278
0d842ea2855c1f3fa825b6e3c08c795987fe5c9d6ed638141ac862a3b1c05bfd,guitar,other,2,other,"other,book",0.0005778315121498748,0.0006882072381765927,0.9987339612496734
8cf353092ca1d6baaf635dcfcce35f69944c5fb834da67363feaa64531de5bae,guitar,other,5,book,"book,other",0.08587475394961361,0.4576682072384927,0.4564570388118936
f7d447a805e4a7183dfb6cf044f66b7ebb4a7f2a675d60e6775cd5715bf1e0f0,guitar,other,3,other,"other,book",0.00013141830880149903,0.0001796282797413148,0.9996889534114571
8ff6d3a1a41d43566579fdd90ec9c75ae5ea04525ec4439ea2871285e8c4368f,guitar,other,5,other,"other,book",0.031074052406575615,0.220348654737572,0.7485772928558525
106e5a5d03eafa24844805f1f075ef22a7c968f2c12c0db6f0bc7c88dbce8144,guitar,other,3,other,"other,book",0.006913992535467287,0.02926539477507109,0.9638206126894616
2024ded16c73c462b8a061b988463cec9cd0999fe12805ba2af22a0117849975,guitar,other,3,other,"other,book",0.0007547385041228645,0.0011518886397738478,0.9980933728561032
7ff74ec3ac3364fce9f4937cf4e97492141fd0eec01c646bc8ac2f72e7c311f0,guitar,other,4,other,"other,book",5.656542655803218e-06,0.00018830404414172736,0.9998060394132025
1b8e65da762a9a3f5eebbea82894c23bf86f2300e19a6a82f3c0e68fe06e96fb,guitar,other,3,other,"other,book",5.369225718752741e-05,0.000382580284376246,0.9995637274584361
870b61effe2696e2d25647463426103c0bb0e52b366f3711bc9fdb762fdfb70e,guitar,other,4,other,"other,book",0.0009835298094556227,0.004468214833306464,0.9945482553572379
2e6abaea8fdeaa1c4109cca1aa564e7e17e2154f4324e5d05819aab2b6aaeea7,guitar,other,4,other,"other,computer",0.00028000864834769437,2.4715061093475054e-07,0.9997197442010414
43939f21503c49ae8638c83d67514fc70631c6a9220b68d7b7b8f7f9e05e68df,guitar,other,5,other,"other,book",0.0190641926489124,0.05618429894258685,0.9247515084085006
2a0b6c5b5c32d29ce547b25a9b954bca28bdf067d6d928658b02bf7ed0bf35ab,guitar,other,4,other,"other,book",9.381804776876565e-14,7.209038951321196e-05,0.999927909610393
30f91c32fdeeb7e74756b3cb4f83b57485f661cd09757a5123cac9e504932bfd,guitar,other,3,other,"other,computer",0.00015975620470256145,0.00015102333507419278,0.9996892204602232
c3ea8089bb555eee0885e37914f8ed66fe1d8fd7571f024ff1e8c95f05a9f7be,guitar,other,3,other,"other,book",0.0003139915330340129,0.0074390871664387495,0.9922469213005273
a021689c34e839adcbcd7590392268796a7047aad9da4beccf832293d95f90c5,guitar,other,3,other,"other,book",0.00033577048625752724,0.00035040969570123315,0.9993138198180412
f5ff74104ecabc3c4dd30ecb111d20d6467d056cbdd43a19c10baf3570aab813,guitar,other,5,other,"other,book",0.08125764127882168,0.20047243978101087,0.7182699189401675
90ae0438ec3de31d79522bc86652c18425c9d6086f31b0ba6e162500de0a1501,guitar,other,3,other,"other,computer",0.009334005920308528,0.0066183337201121024,0.9840476603595792
56dd30f69f65ad5133a1889b3bc1cbfda341a48cf1ecb36a14246b8cb4ff7503,guitar,other,4,other,"other,book",0.010030229691053424,0.4088402026855943,0.5811295676233523
30b1ae02d0314949f92d7af6128e47cf8b679a4d6d022db8b90e4e6967ba4517,guitar,other,2,other,"other,book",0.0005896536301912306,0.09279243601316099,0.9066179103566478
7f2d34d55dbd08dc0526e0239449618ac7e54befbe2d69c3b600f8022362cbb1,guitar,other,5,other,"other,book",0.01958203486458335,0.04586939151109053,0.9345485736243262
8061ceedee6ae0697e723d694c8a5741cffc753c999f3ba76f6da9498102414d,guitar,other,3,other,"other,book",1.937429776608345e-05,0.000998210928645713,0.9989824147735882
80bf83c6c326f4e8d94ae8072c931dd77baafd8bbe2d7228de4a050d02028d8c,guitar,other,4,other,"other,computer",0.003289584715707127,9.915814325951878e-05,0.9966112571410334
5e6a72ffea3772dfc8ac84a37128ae8ee2a34d2479bbbdc8f1bcc3c5a0ded858,guitar,other,5,other,"other,computer",0.0619469517405215,0.023522045957074206,0.9145310023024043
921517b62ee8d0ad46ba0b04d076139e019e5d96b1e9f603c783734290c3364c,guitar,other,2,other,"other,computer",0.027369451907899158,0.005176828390905701,0.9674537197011952
9ed1c15e62099d4678e45455f816764ab36dceb00be356df9f35f2b1758604e0,guitar,other,2,other,"other,computer",0.055694442025075556,0.020358534985669155,0.9239470229892552
fc96880e45430fad04391f99c54548fd036a66cb8e5c5e11146e30540e8388fe,guitar,other,1,other,"other,book",0.03946727539091255,0.06850096785058905,0.8920317567584984
c78dd8314ebd4c52c06ce0298024b5700078cffb624fafd0d3cd0458703d3c5c,computer,computer,1,computer,"computer,book",0.9740880968212235,0.01924760108452664,0.006664302094249811
27687ec476f93a601d3823d7f24b120ddae16b11de0f119c90979942c462410e,computer,computer,2,computer,"computer,book",0.9883143759054372,0.005908305240669831,0.005777318853892814
6d2e616b949ee535974f1d977c02da92e7979941cfb1d00d6d44a36b415d7ec6,computer,computer,2,computer,"computer,other",0.9925746639853874,0.0007033598789338191,0.006721976135678969
21cc26f349ea89ed2332b5ab83d54823955b9adc17d5bd027b438583bdf24907,computer,computer,3,computer,"computer,other",0.9903149351528071,0.0010801793909700956,0.00860488545622287
30cfce443b312cbffb34c4fa78a7b25f3e1df8981ad93bcb7275f5830868f957,computer,computer,2,computer,"computer,other",0.9861372620171637,0.006575973624742155,0.0072867643580941275
5166f374fe6fb7657ba0d3154caa8710c888b00f10b7778fb26f1ca61367f7cd,computer,computer,5,computer,"computer,book",0.9441807570921874,0.029326241651269097,0.026493001256543514
8417362f46233a75bea4b6f097bc7dbff4159ccfe11b2e0059f099bd29d56992,computer,computer,1,computer,"computer,book",0.9951629382408863,0.002978544666305027,0.0018585170928088258
3c819fb3582b7a012c40fed3c060d41074999d4e39787c22a848784f16b1b429,computer,computer,2,computer,"computer,book",0.9686984583546562,0.023682440130858337,0.007619101514485506
516194d314550b5660751d1299132f38bd9881011acbf9a5d18a1a7c5c617beb,computer,computer,4,computer,"computer,book",0.9974968098303886,0.002028113550065701,0.00047507661954574587
946290d9320bf3fd3274991526a7990b6525573db8d97cf13bd410a3e5ed4e41,computer,computer,4,computer,"computer,book",0.9940239666649452,0.0056774735581683715,0.0002985597768865042
906fb456806a083aea32553e41b9a2d5761c2b5705b300ff96014bd4cc88e3fb,computer,computer,3,computer,"computer,book",0.9983480488866294,0.0013584068613898014,0.00029354425198081265
e02d63683b3b0c70ac1f306c5f11416556f1bb15661b891b2577ee86b151fb8a,computer,computer,5,computer,"computer,other",0.9366467772700646,0.025717250143709236,0.03763597258622629
0910b533827e0e684e1cc5d2d7d197ed9fb90d6e1b501e53b51bebb2af8523f9,computer,computer,3,computer,"computer,book",0.9916488054044262,0.005799654098509448,0.0025515404970644614
ff1bcdff56c7b3218af22d76abb13f31f5ba26941d8125821b8870db29a0cc7a,computer,computer,5,computer,"computer,other",0.9321920044384265,0.029367456984198563,0.038440538577375
6c09c6f150e18177a9d2fd7b7bfde3b2f67dd90529c3ada4f36d932d46aa96c1,computer,computer,3,computer,"computer,book",0.9462476532702644,0.05062763826823942,0.0031247084614961632
4c3ed75b14921796aa34af66e11dc9df3932d067c006381e5b9868f63d60d8ed,computer,computer,4,computer,"computer,book",0.9739884697087761,0.014713606366186988,0.011297923925037121
67c811c77f272a4a8f1e057f966b44177b3a606dfb452d238a5a478135ba4a64,computer,computer,3,computer,"computer,book",0.9999449387507224,3.2480042194949074e-05,2.2581207082612976e-05
d19e6f9bcbc60f4e20845e18f01a392fc69d8da75135caf6f6ff428858f33db8,computer,computer,4,computer,"computer,other",0.9999004533615272,5.997799295742858e-07,9.894685854317726e-05
a53bc46ef6111065cec331ed417e42df44fa47afacfb9d56ae60ec1c626d340e,computer,computer,4,computer,"computer,book",0.9999907345307367,7.787020882133286e-06,1.4784483808989345e-06
7c25f300085cd3258696dfe0cd013f148e55387dcfd39f6d06b2ba6b476fff30,computer,computer,3,computer,"computer,other",0.999288775871045,1.6500442000025466e-05,0.0006947236869548456
1be756885aef75d88e223ef6d2925fe22f0e7065fb6308e35938b435bd6c7ad9,computer,computer,4,computer,"computer,book",0.9999182322756505,7.507172413972752e-05,6.696000209659601e-06
a2c59da901a08e93ee52ab4dae5944724597e04e1682b3d9af81fb3bd4e14e9a,computer,computer,2,computer,"computer,book",0.9908792127766798,0.0063731274435992495,0.002747659779720837
44d5a31cadf17ccc28037e7e68e106852c13210d9e8b5d38bfec1962d0e8e10b,computer,computer,1,computer,"computer,other",0.997054746693331,0.0004826793347839449,0.0024625739718849866
a37afa9ae213d76ec340b08ac34f52c7b3758a8fa9ddb0bf089208446320f8c8,computer,computer,1,computer,"computer,book",0.9949012002678003,0.004763820189558193,0.0003349795426414695
442b4f927a8552cfc4a3db1be49c2d6ad946616100eac7a5edb0c84841f54474,computer,computer,5,computer,"computer,book",0.821101099085723,0.11686448924419725,0.06203441167007962
7c2ecffc86293fa9b633c60ec19e37ce491990118d80f4c922c04761fc33c4f0,computer,computer,3,computer,"computer,book",0.892689650317012,0.09099171652765667,0.016318633155331393
0be97a7668830ffff3f1c7b03851ce20a088096f241df8ce3818b9540d8ab77e,computer,computer,4,computer,"computer,other",0.9999835453938144,1.521133898413049e-06,1.493347228733893e-05
4383699a59ec062830df858996d4e40701f30daea00dad4d2aa371a146784160,computer,computer,2,computer,"computer,other",0.9760237610394547,0.003834583466727528,0.020141655493817818
6f0c4f596392f9989a72a953d71ef2b5ee562845ad2a5362b71fbef7499b087c,computer,computer,1,computer,"computer,book",0.9998324670922366,0.00015792885143057158,9.604056332688588e-06
ee2754d9b100328b4f9674ca60a0eea6176332bae34c691ba8715ff9c600521d,computer,computer,2,computer,"computer,book",0.9853129684680676,0.009805111971749178,0.0048819195601832645
3a47f0d99714e869b9be3ff67ae468703dd3545e41b0d56b39186f00ceda5c6b,computer,computer,4,computer,"computer,other",0.9978757351206667,5.2529164101596405e-05,0.002071735715231644
9c9c77528f9fe0e4858416fc0752c3c544debee2f8539012bfd8a83bd3d56fbe,computer,computer,1,computer,"computer,other",0.9996913333896211,3.351813379447967e-05,0.0002751484765843856
4a0b24ee6058aaa1901a4ebefd9dec34f4ccbedfea2a9ddbcf363cf68dbf38d1,computer,computer,3,computer,"computer,book",0.9985214784694065,0.0013132260440138488,0.00016529548657967432
b87cc8116dc94952048ecc4b58fcd28916a9ba48788b4c83ad97f98bce469170,computer,computer,4,computer,"computer,other",0.9999606221605958,7.14778894855128e-08,3.930636151464641e-05
5fb1111e5e3c283313d0e762efe268e4360d41bbe2a5dfe53e0a266a13b27ffa,computer,computer,3,computer,"computer,book",0.998510496556376,0.0014352775042643293,5.422593935973188e-05
7e05e90dbf64581e1b69108dfc686abd03a5d1f23242c42cdad78642150d1f33,computer,computer,1,computer,"computer,book",0.6281969600350535,0.21915682769957975,0.1526462122653668
246455ebe938ee3f6b9f580c6d5ce88173366f003e1501eb3eebda4b92fb76cb,computer,computer,1,computer,"computer,book",0.9992305558617053,0.0007295398492609607,3.990428903384083e-05
35c913f4f80e471be18727bccc0d91951eb319bdfb88351453448a0bb73037f7,computer,computer,4,computer,"computer,book",0.9484765838315922,0.0512197226064315,0.000303693561976509
2101029eb6b370757b7000224c870a400553ea925e0700f6a67222506983dfb3,computer,computer,3,computer,"computer,book",0.982888424235881,0.015625028389631902,0.0014865473744870873
8efb23d6fb6e188d9970796b6e050e656f7842fd4c7c802db545dbac69dd8b2b,computer,computer,3,computer,"computer,other",0.7819929092968141,0.01351968385421651,0.2044874068489695
a7e68e8248ca8c19de7f0ae984c2a8434af01ec9b0e3bdd7149dd38e42334898,computer,computer,5,computer,"computer,other",0.7313695881112466,0.07963318096197221,0.18899723092678106
0fa38b529646e65f01238de9f0b4954ccbfc1561983dc74942eb41cd213f60bb,computer,computer,1,computer,"computer,other",0.9839562315925677,0.00518518491709508,0.010858583490337255
6d877e29fa0b5e7309e7e017cc1a7058c2085b5a37607d743b11026092902950,computer,computer,2,computer,"computer,book",0.9520331758105902,0.03860695347593989,0.009359870713469956
02fd1fc382f1c6f36398518b738cf0d3c0f314eb8803f6bb7a65dba82eaa29be,computer,computer,3,other,"other,computer",0.410060387471484,0.0006424824636264034,0.5892971300648896
e90e31f34d2fce28377d59c52ae4bcf6044ffd2ff9711e49a8b659268b9d13aa,computer,computer,4,computer,"computer,other",0.9995425244958251,2.1044570506283284e-06,0.0004553710471243147
61dd825681d128d3c7b1e7b54ef9073165925c387b0945d8be660b2a95f5df35,computer,computer,4,computer,"computer,book",0.9994929418468499,0.0004352856925663678,7.177246058362337e-05
f29efc4a13770898ff31d1e5e89e70562aa86b50e64934f778b1a213d400a751,computer,computer,2,computer,"computer,book",0.9464460277737564,0.04361844173049476,0.009935530495748832
f90681acc6301b0e6fa8cb238bf2a5a38a6cf58096f99726137f601a67c21d06,computer,computer,1,computer,"computer,book",0.9989088245676829,0.0010391317170159683,5.204371530117568e-05
c52745782ddd48a797070588c3fd91fb920b4a4cf7f11e9c9951574e7b12c767,computer,computer,2,computer,"computer,other",0.9316008054337742,0.026429064996077466,0.04197012957014849
7a03ad4820ee9d8490bcaab54bdede145a3f5fd7ac6154b723a45509b412b3c5,computer,computer,1,computer,"computer,other",0.9998726875042416,2.114197325215803e-05,0.00010617052250609581
6fde7418466b9a4fcd7f06d94b7919d51215416af33fadbc4e039fed30e34975,computer,computer,2,computer,"computer,other",0.9780871570307389,0.00982360094450245,0.012089242024758721
6cc18a12f4a413ff6ea9ca033746e79d3ab7ec7701159c44897035280fa2852f,computer,computer,2,computer,"computer,book",0.983373080061836,0.010014681483817777,0.006612238454346138
ab8da02cc59addee63ba30504d763a0b12403cdba52f313e2e4b9da819068f2e,computer,computer,2,computer,"computer,book",0.8723491244972111,0.11202135092380865,0.015629524578980276
543ed92f3e44ae3d8b150fba703d8b7e64357e6cf2ff0e5217cf474d166dee0a,computer,computer,2,computer,"computer,book",0.9742865519037105,0.016080923069963567,0.009632525026325936
433a656dc7dfed092559b08ae71dce0b4f3ce0b636025884135282bfdde0ad5e,computer,computer,2,computer,"computer,book",0.9475974347262227,0.045073232334322116,0.007329332939455231
ca71407e7405ea28fdea6e618cad1b81e6ee1ef7e72015169caf37fd91e322b9,computer,computer,4,computer,"computer,book",0.999365902871985,0.0005408430629349328,9.325406508020777e-05
56c570118af6a657010f44d3b82f457c625182ab6a40afd3d04455b4bac8d65b,computer,computer,1,computer,"computer,book",0.9981161869291032,0.001100690255073117,0.0007831228158236572
aea61ba4964627cf17c92d5062bfa1343828a2b7609b6fe6498413fa6c60e84b,computer,computer,3,computer,"computer,other",0.9988030648693124,0.0001814676610440493,0.001015467469643588
85d42e31f763ef8770572f47ca9f600152aac48233d4226abac0fdc0d2584151,computer,computer,2,computer,"computer,book",0.9723525759422919,0.026755137777073713,0.0008922862806344004
daa8a8c0a823d9ef1e44767642f25d1f8546adf9ea0d39607ed2d524b583145b,computer,computer,1,computer,"computer,other",0.9998134367207496,7.053154788708297e-05,0.0001160317313632239
ff172a176cf6234ce90ac71a9ab837f4459a1ec2ac465fa8d10e9947c991b16f,computer,computer,2,computer,"computer,other",0.99842489597741,0.0007319462354605404,0.0008431577871296364
ea8b16a2702460de3bd3d7e9290807cb8ebab5f8030c55c40e946dfef0230123,computer,computer,2,computer,"computer,book",0.4370333666612688,0.40338885916777106,0.1595777741709602
d747535757d7208b06107f03a5bce75fc9835460a1101a8729ed2f117f5fbdee,computer,computer,1,computer,"computer,book",0.9944160645615504,0.004540044906738924,0.0010438905317107048
5597ef7baf5a1aa9413914ffe3aa4daad906a8a14eadcf44e0b3f7a48fe396c4,computer,computer,2,computer,"computer,other",0.9297537226945696,0.016002166578761384,0.05424411072666897
e5974fa7401c3d7093448b39e138c3e2ba81b05020d9c482778e550bd4852853,computer,computer,2,book,"book,computer",0.12633345857708647,0.8229203056338238,0.05074623578908983
f52b58bd43824af5aefce7d8def77215db03230c4edf4c04f92fc00527dd58ac,computer,computer,3,computer,"computer,other",0.9973075861882424,0.0001656481855769688,0.0025267656261806198
861980000c31e9e396ebdc1243185376f83a44e2892fa4703d2fdf3ab6786ca4,computer,computer,3,computer,"computer,book",0.9995551763585941,0.00041042671044349047,3.4396930962310375e-05
d8399a337ec6bb3cc5119eedcb126954eaaa50e75c1a59a10a5f65c9341ac722,computer,computer,1,computer,"computer,book",0.998716045164567,0.0006843533371974017,0.0005996014982354192
90b404773988e926b64d7b2dce439365f27b42d9b2983c694e0d5fb6d738a0be,computer,computer,4,computer,"computer,other",0.9999610786139257,2.6827031014376597e-06,3.623868297306559e-05
5686048c2d7529c5283db5d8972d492b6619288f574842b03d47320128965d69,computer,computer,3,computer,"computer,other",0.9986265457579089,0.0005085341762282396,0.0008649200658628681
0c05f3a709113edd02e37f8073815309ae9153a00b2c1f90b64556cc0e17f897,computer,computer,5,computer,"computer,other",0.8602327335041374,0.02204329537347522,0.1177239711223874
b9dfc79975284bfe4d67da8a485437a5b3f47449fb05c09537819fc76d4c1b53,computer,computer,5,computer,"computer,book",0.9455119127316995,0.028372278021709493,0.026115809246590814
745c732bafa700eeb114b33724b7ecf2cddc8b1a0df5ac2e63a0536f67a0ed9a,computer,computer,1,computer,"computer,book",0.9981016424246048,0.001735571433482486,0.00016278614191277358
7275ecc3faffa738e8b0c9be9fc320b5581ec6b4246d9f71a2f27f866642437d,computer,computer,1,computer,"computer,book",0.9999718008255831,2.012722621832516e-05,8.071948198633532e-06
8aee3d72b81544d509168994e0418871903ff03826003f52ed16bc91d21f9751,computer,computer,5,computer,"computer,book",0.9317499752622755,0.03477523034606047,0.033474794391664044
44fb0e1a1d7cda566f18dc60e4e8179de3780e664e81444b92c0679a85bfe638,computer,computer,2,computer,"computer,book",0.9980625537529895,0.0015605951795283042,0.0003768510674822504
709fc65254af74279c91eb76158c6d7fa5c9457ee17e28899e6ff7abd8c1b0b1,computer,computer,5,other,"other,book",0.1516790349384329,0.27946602190437525,0.5688549431571918
bf8a092beb4bf158b405c55c396ac5461b774a38bca81c54d4d3cd27ffb2df00,computer,computer,5,computer,"computer,book",0.6959467962594394,0.20102633269199766,0.10302687104856288
969b65fb67425472e4b1df6be4b67ea7fc75dc18e4041bf43212d96224001fa6,computer,computer,1,computer,"computer,other",0.9993310355412114,5.999808545734182e-07,0.0006683644779341079
2946c3e5bc52474faa308dd944087c61e20cd371379ec640810221a5ac06f80d,computer,computer,2,computer,"computer,other",0.9934094110559497,0.0030081389417193037,0.0035824500023309887
8076f264a677254fc71d4317e32aef7a0aa5b0da75f23d5584e54ab0b765a590,computer,computer,4,computer,"computer,book",0.999983186054553,1.2561244581848502e-05,4.252700865153014e-06
0f5cc386f05dae3395a4a2e211c74f695786b06d4b48feb101295cf171bcbc85,computer,computer,1,computer,"computer,book",0.9999626987371397,2.1276012352858246e-05,1.602525050728329e-05
ae4ce2773e84dafcc129fa0dc449723a8b48d46f53b35beb838d0909a4b0ebe6,computer,computer,5,computer,"computer,book",0.9242939684271527,0.0397251286148014,0.03598090295804595
de20bf2f17f48843859f4b8394cccc84134eeaa1ce820dd8fdfc5004fa8e0975,computer,computer,4,computer,"computer,book",0.9997977683327889,0.0001902665685140035,1.1965098696902635e-05
6e840380bae32ebcdd468a2459409dfa13e36cf09e0b134e96f3c74765d22751,computer,computer,1,computer,"computer,book",0.9489029318919607,0.029967507564610783,0.021129560543428513
8ff7e9b228882ddd892da73cda00de6e7a8eeaa202ed205752dac78c5f549c6a,computer,computer,1,computer,"computer,book",0.9980785544360319,0.0017422209524876023,0.00017922461148062828
e3b7a761d96fb73e12b550517f7d91e523b6989e8f432ed51bd002418461803d,computer,computer,5,computer,"computer,other",0.8355403046800953,0.06073652781863277,0.103723167501272
b06051eedd095c401757d9350a262d999efd9aab4010d9ffa8cc76cb8d04488a,computer,computer,5,other,"other,computer",0.2922764619496995,0.18451478781478925,0.5232087502355113
ddc823e25a32a03e8a377b810af8c2212844778089445c521f527fb9f12bd276,computer,computer,3,computer,"computer,book",0.9713390408031893,0.026316478346305523,0.0023444808505051267
cdf04f13e136c1e3b58c1c6b78b41fea19bf8a774ef31c15691c05398bd80c13,computer,computer,2,computer,"computer,other",0.9998555484271835,2.601965551005362e-05,0.00011843191730660992
87ec7e025ffdc88d62ae0079da5723c76a384f799ba046ec57a0a6e93570f685,computer,computer,2,computer,"computer,other",0.9378407929024203,0.01828317083797016,0.043876036259609466
6bac736af461622002902078f3972c3dc4b57964e2153ccc817d87ce58691f6e,computer,computer,3,computer,"computer,other",0.9998741303047533,2.110161114634497e-05,0.00010476808410058248
6abdd2e7c822bb80d17fd0124fcd6cafb7ca08d33b9294c9495531f75f38fcc7,computer,computer,1,computer,"computer,other",0.9952852034259981,4.100550185852987e-05,0.004673791072143397
e25387c42fc81ebfae453919194af3ad324f2652d1c9b738be76a202ee2f6bac,computer,computer,3,computer,"computer,book",0.9936676011375417,0.005859825851872078,0.0004725730105861577
1b60af8c7f0cdb6e1efcaa72d63ed3b50707fa823617dca78fb1c1c8d2a68319,computer,computer,2,computer,"computer,book",0.9980729500039929,0.0017401620845353585,0.0001868879114715294
69e151a0ed991b23289b182a905bac849f08403f3275d8501e26167b0449701c,computer,computer,4,computer,"computer,other",0.9994730473007905,8.993085612435415e-05,0.00043702184308519465
f6bde6ff21500080af981029d71bc80023a0bda5c1d941d9ef9fcbb8553a5da3,computer,computer,1,computer,"computer,other",0.9979571529819703,0.0009533543220511408,0.001089492695978581
c59e5a2503f36218193bd32f19bb96c282d0adaff7418b185baf92fab43a2e7a,computer,computer,5,computer,"computer,other",0.9400017051417179,0.02007979241958933,0.03991850243869296
5074110bacba8304358000e515952eca1732c29580664eb18998367978047832,computer,computer,1,computer,"computer,other",0.9998333378573727,5.680078757753055e-05,0.00010986135504986692
2d274a624988547d3bf27306eb8e35d9a5c80225871f9183944721698cbb7657,computer,computer,3,computer,"computer,book",0.9882467643704431,0.011348862214991448,0.0004043734145654105
8933d1839f75a19b8f56918c28e71af7753497863a3cdd3b638a68b4489a6147,computer,computer,3,computer,"computer,book",0.999154520107075,0.0005788006751541699,0.000266679217770878
e600a05804f5a576acea103a5149fd1495c2aecd6cb04de431b9e11dcb57ba29,computer,computer,5,computer,"computer,other",0.9443662285323211,0.023856423998037973,0.0317773474696409
0e0d510da173c5c3f603ef5f70b4a87c20897148698d6166b0fbf27e11105ea5,computer,computer,3,computer,"computer,other",0.9973831681851093,0.0011749845617792815,0.0014418472531114903
097c1a595acaa65fd13a2556c47b25143940e94ea5f618f4ac14d3b821d1a359,computer,computer,5,computer,"computer,other",0.9378551912246403,0.023901839921084345,0.03824296885427538
c6ad7f1f4fb7103f78b9507e4aee79b377005317aed62aa93a45a7caf54f91b1,computer,computer,4,other,"other,computer",0.07629534585173109,0.00039015478306485697,0.923314499365204
28c069f6f5387a9456be8d8c671db1525165cdcb978788f575a3544b61d4388c,computer,computer,1,computer,"computer,other",0.9996824705564662,0.00011836836971057519,0.00019916107382335677
1bfad607e2f319267af863ae75e2e81e271b8819ecb71a53c00d9641b11f7c9d,computer,computer,2,computer,"computer,other",0.9884374086898956,0.004821677711527313,0.006740913598577197
2dbc9514e0fe3f4f8f58066895b6a74461c657f91d8ec2e92f430e6815f0a89f,computer,computer,2,computer,"computer,other",0.9629255026433812,0.01518054692733622,0.02189395042928249
ff1c82aab233190fdafb4c666fa1b0aa68b4c60e66bd116bdfd62e63e650d457,computer,computer,4,computer,"computer,book",0.9999999980425869,1.8759090002604784e-09,8.150411440917778e-11
c29f5253bbdd023af291c216433e7f0007e16a5928b3460259b07d85a7571b7d,computer,computer,1,computer,"computer,book",0.9917226641147717,0.005807773386444915,0.002469562498783337
7b69c0f37662f17f9ddcb66a9b491b147734193935cd1f5c3088d2d087d456e2,computer,computer,5,computer,"computer,other",0.9151280511865029,0.030303823027294164,0.05456812578620309
e03bdc601c0bd1371f289f8f841cdeb823717263e5546f457f8bb36b391dda9d,computer,computer,4,computer,"computer,other",0.9988445909828895,2.6228403869335395e-05,0.0011291806132411573
a87c408d68a3f436313a405d3fe84c611810d9e1d959d845c16d002d4bddbe47,computer,computer,1,computer,"computer,other",0.9999073035046635,3.257517783693152e-05,6.0121317499541065e-05
4180a03843d5b82d32d094a0ecf5258c752b6c5229b9b62db84aa5dd3dc0507f,computer,computer,4,computer,"computer,book",0.956600472615706,0.02588549014323311,0.01751403724106095
c2cee5c868fb810be70dfcb100ec91de48d9f38483131a98061df03136722c57,computer,computer,2,computer,"computer,other",0.9892171241012759,0.0011507893286473994,0.009632086570076708
e3f4b230aa48c81805fc74c1010a452d1c8281d4854ee1ac2f1e1bc48e3b2b13,computer,computer,4,computer,"computer,book",0.9999990589180042,6.821153220106444e-07,2.58966673699719e-07
af53dc9616485579410521a4510bbf49e3c58ccd35ae2e5badab6943c3ab2611,computer,computer,1,computer,"computer,other",0.9991075938022477,0.00017997925072003198,0.0007124269470321499
3733408d494db666af063c8fbbd203afd28a80e1752885388819713cf57e688f,computer,computer,4,computer,"computer,other",0.9999097027399261,1.5165023011329006e-05,7.513223706264546e-05
9bc434600568b92a66a16efb0f12711a3d7e7d4eccbad87ffbc6c3396a9b5ef0,computer,computer,3,computer,"computer,other",0.9996117418488697,0.00010996980947345681,0.00027828834165667394
62fd38f4f159b2a9dc0cf9d08ee7932fb4e3753cde07093b0dc15ef533ee5629,computer,computer,1,book,"book,other",0.19138340489976347,0.4672941290699121,0.34132246603032446
c7c93ee3e441db110fca85030f63596cf8c7885e7560cae965b573cea6fe6d7f,computer,computer,3,computer,"computer,book",0.9997953088200093,0.00019490808345276104,9.783096537828546e-06
2360d8888c8d120066f6a0520f8774fa460ef2859190d7cd588421abee8e7eda,computer,computer,1,computer,"computer,other",0.6387579357338837,0.12917832794839465,0.23206373631772165
b0d722c06d17e8d8a52e805c249ee8b7aabe7b16da7cd58feb46d780bfacffbb,computer,computer,1,computer,"computer,other",0.9985111402088427,0.00011719167423987325,0.0013716681169173238
7f0c1ba4a3b09ce06953fd5d912e18d1ee77a1421fe12a766893b8f735432496,computer,computer,5,computer,"computer,other",0.9264264906951685,0.03561012389896941,0.03796338540586204
81461a62be0bb699f2da196d0e49f1af5de0f5281170e6d577cd2afae2bcf053,computer,computer,5,computer,"computer,other",0.9331275044767591,0.02691606398560003,0.039956431537640925
e9625cf79c8972d3b192112b89d403fc5d267b4e39316374a1ef89480198ebcf,computer,computer,5,computer,"computer,book",0.9548220295722037,0.02320890639883137,0.021969064028965004
d0e6f18c44e56bffa79b32dc64c339a5af9dd8b13970d9376414d38ef99beedf,computer,computer,2,computer,"computer,other",0.9589759789170782,0.001946567988277726,0.03907745309464398
5a9534c4e1d8bde05640bfe3b80c321c90ba38b47748150dba37ff90d5dc7171,computer,computer,1,computer,"computer,other",0.9909723699052897,0.0031225814165717243,0.005905048678138446
b585ac0650bb9e01a06742c60633d722a08d72444600401d234c599c4e61844d,computer,computer,5,computer,"computer,other",0.957038266786415,0.021174379700746794,0.021787353512838097
f2b31be7ca55e0f8589bb0ad349aa8a8dd0d120c751435c7c2c0c10ab1f11bcf,computer,computer,5,computer,"computer,other",0.8882775528013719,0.023505645945723568,0.08821680125290442
3f6d4b540b4d61f001e2577a5b5f915cf6e02311c34c01802a89cb0a31960a99,computer,computer,2,computer,"computer,book",0.9718907461504199,0.01576959205433043,0.012339661795249741
fce035f1ecb9329635198e94aa5358dabaed05505238ee31f185fd51d181ea5b,computer,computer,3,computer,"computer,other",0.9985397306559366,4.604223375700366e-05,0.001414227110306465
9be759019bd86ddc5a8d1dd6c336dc60cf30546f31c30b8d93959036fcd8f123,computer,computer,4,computer,"computer,other",0.9999321990736031,2.4594256979134195e-05,4.320666941778334e-05
a124e227e067ad669dead7d253e7c5ab3d6483e73aed1a0aa8bdcbf96b277950,computer,computer,1,computer,"computer,book",0.9993314579238008,0.0006302122710983448,3.8329805100929086e-05
270ede625e84d1101625d62dd68f3178f398f8b52c4509560c01d8ed4f6b758b,computer,computer,3,computer,"computer,book",0.9998100398308865,0.00014057874949161933,4.938141962201994e-05
f4b6bdd3e4709f0a99e2f0490c452a92f0985fecc3248dab37e328568cb3a0d1,computer,computer,2,computer,"computer,book",0.9918946733984829,0.004299643277365277,0.003805683324151821
983583590c3ac27a0ce3fdcc6d30ecb6c49bb1b24fec555173462be14413346a,computer,computer,1,computer,"computer,book",0.9999788896929712,1.9125408870121155e-05,1.984898158803091e-06
eb7e6b648c29bb71ee459d06773bb0a789dcbbd447fef5bac8fceafed1c2701b,computer,computer,5,book,"book,computer",0.26223522851197967,0.5621314630435461,0.1756333084444742
ba556e64ca6d968ce036d482b90401f97b63af940ce3f49ae8c1797e44b0db6f,computer,computer,3,computer,"computer,other",0.9938156602751327,0.0009606540511105863,0.005223685673756774
4464874b13877dc7aa19825c6b0c59a27ad0f019251c19880f40b6dd4e878aad,computer,computer,3,computer,"computer,other",0.9998925268817694,2.6352081389614904e-05,8.112103684084622e-05
31e2a24154ca280671cac6587c672c4b69072d832fadbf08188843fb89279785,computer,computer,5,computer,"computer,other",0.9656673719636998,0.011180575368270019,0.023152052668030294
1de07d39382923298d050dc5c1802baf1443c7077aa5404d125bc6522f196f7d,computer,computer,4,computer,"computer,other",0.9999631833407631,1.2887500475401148e-05,2.3929158761298237e-05
b13454b08302967771be2a603e5aa44ac174ec668e229a2d52794165eb4a316f,computer,computer,5,computer,"computer,book",0.9511956818984312,0.03554171856872015,0.013262599532848715
882c8674f86c1361eb474d6409f839f5958ea04dcc08d3b29f5596b2cc6f561d,computer,computer,5,computer,"computer,other",0.555539220559387,0.11053728472554325,0.33392349471506977
20042976e166151b25703f7991bf06ccd79e8c19efdd11f1008caac907270907,computer,computer,3,computer,"computer,book",0.99450184531495,0.003144084885912289,0.0023540697991376452
cd07549b8937d34fdacdc24da98f6081a6b533358d37cf16078d0a061662595b,computer,computer,5,computer,"computer,book",0.9545633479469354,0.027490407761348166,0.017946244291716436
434036e9193a8bfacf2596b85f1f2949d22d9588ba4a02757f0c23c79e4f5e81,computer,computer,3,computer,"computer,other",0.9998709855178178,5.778390155427086e-05,7.12305806277354e-05
05add232f2d2b60d82a3c61564628bb38356fb5728af50d4e1c1b5d0bc751b74,computer,computer,2,computer,"computer,book",0.9602733063262033,0.03840396137572198,0.001322732298074837
e1f6cfc6ca4c94cc9e72e26f37b01a626f2f12cafb949f71f0f1d53b842a234e,computer,computer,4,computer,"computer,book",0.9999911095973396,7.915945694976565e-06,9.744569654708533e-07
18338d5dfc71f3e9500e8cdde39347402f0ac627ad5dffdaf8139bfb77bf2e3f,computer,computer,3,computer,"computer,book",0.9998144314951486,0.00016639554241738914,1.9172962433924076e-05
d651620debb530d9e98f54711798f52a7e4f1cc31edb37def7a718796661f96b,computer,computer,4,computer,"computer,book",0.9998154329662995,0.00018406279771605096,5.042359845169549e-07
f4c3e05b4ca9fb067ec899af0be42e4bbfb04284bcc7d5022bad1b0e7e1e4819,computer,computer,4,computer,"computer,book",0.9999241536224666,5.756814394770185e-05,1.8278233585818114e-05
67e689c819341dfd6ee3ca5680cca0306131e474414f1efa319cfe8ad010970d,computer,computer,3,computer,"computer,book",0.9994422548942088,0.00040719455817207344,0.00015055054761912583
9a37161563fe17e7b7f1427a1fa1ec2aa0071ea422463d4aa31a188066534a8f,computer,computer,5,computer,"computer,other",0.9706236688855694,0.008019112268600272,0.021357218845830295
6ebd8fc0d39dbcba95fcda17294bf72a2071ba4078107a398774ac8450e4ed50,computer,computer,2,computer,"computer,other",0.9933591171067895,0.002512687626313349,0.0041281952668973405
9e47f3622dc0065264113610e720f5c6a4882230c517c6187cf408c2f8524c59,computer,computer,1,computer,"computer,other",0.9987026628310133,0.0006115376609002461,0.000685799508086503
b6e8a2457dd845e37c5e6828cdcfe098f71fd455774163183691bad53ea6dd67,computer,computer,1,computer,"computer,other",0.99558910600676,0.0012165996411300237,0.0031942943521098967
20f9d3b628f71b41ac8ad8540c99119df1a8d69d81c89e793e319d350a513436,computer,computer,4,computer,"computer,book",0.9996158990019388,0.0003448155076118831,3.928549044926377e-05
bdde13c568560d23dc1497371b5ecba771fcbb3aaf1f60f4b72c302cb7873788,computer,computer,4,computer,"computer,other",0.9999977103975981,6.953425957212049e-07,1.5942598062000637e-06
fea956a7b5af4fb78fb92fbf808412558c97c2c6f925bad784d8d9edd522d2f4,computer,computer,2,computer,"computer,other",0.9788558659518375,0.00963479904208782,0.011509335006074567
e09aabbacb1a7b762897ef0df032f8b6a1c7983866f31dbacd2cc25b6c840286,computer,computer,5,computer,"computer,other",0.9436091381653213,0.021778481086421653,0.03461238074825701
04c2a2469d55b5321d436e5b8ea4078debd80035f88edd9e3507d5699ef37378,computer,computer,5,computer,"computer,book",0.8947980622966416,0.08031223173089932,0.02488970597245916
a5cca13398043f6a7c13f75b6e124b8dc7f67e9f4e092539ff97189c5f491604,computer,computer,2,computer,"computer,other",0.977759198554886,0.00867248382993302,0.01356831761518086
5ad041be145b950d8f235f010eb250ca34f7bf0288ca2820f42775e6be6c9058,computer,computer,5,computer,"computer,other",0.9509500643766824,0.017486457193992305,0.031563478429325234
0758d329581cb886944c6435dc4c58b1cb3d555cdabb68c8797c5b9329594255,computer,computer,4,computer,"computer,other",0.9997054583663535,0.00013584678074235283,0.0001586948529042582
96e16ab799e9e6a2f094971dbd6fed7115e052344510a5f651595f7d3afd7a30,computer,computer,4,computer,"computer,other",0.9977737706076596,5.6540320139765015e-06,0.0022205753603262617
94d60b40fa39986c1eabc4673e15331e1ceb8fb26fdd62822d0ee2c5d43b26f5,computer,computer,4,computer,"computer,book",0.9997909288571502,0.00014812127741213165,6.094986543776223e-05
61c7989402d434cf28961d0ee16c3cf0464e7fa1b466a427998e01135a940233,computer,computer,3,computer,"computer,other",0.9996891595092444,5.585488136404891e-05,0.00025498560939150693
6e2c30187f3be5abc360ccd8ffd77c821344d191ca17d08341dcba5888a2f7b3,computer,computer,2,computer,"computer,book",0.9968606458783803,0.0017356795109467512,0.0014036746106729921
75c47128bb108fb22f1f9c260113d44bcb931db22a1956df837d9d8af16f4193,computer,computer,5,computer,"computer,book",0.8812697218685747,0.06443469988901937,0.054295578242406016
b08811f4decc71e15e258daceecf3cba0d3af23c1a9c169fca822d4631286b50,computer,computer,1,computer,"computer,book",0.9995986058900542,0.0003105385478690939,9.085556207660283e-05
3d08232e3b5e6acf2513b6d6fae4de2c861f6ae1954d0feec5473eae48f07b9e,computer,computer,5,computer,"computer,book",0.9191379534935249,0.04427572117933964,0.03658632532713542
12579e44aee054df51e242a57a265af70fdc483e8094b1bf483dcdaefad52312,computer,computer,3,computer,"computer,other",0.9998122444066965,1.7092575473763072e-05,0.00017066301782966015
50fe64fcd9679df1921e69edbf283bd7342e664aa273b3986f4e8054c3f7152a,computer,computer,5,computer,"computer,book",0.963844035842597,0.019938142742953607,0.016217821414449274
cc365ecd7b901397334c8c086496e35a4272657a2b5cddaf15e2ecff6978cb4f,computer,computer,3,computer,"computer,book",0.9987441587875348,0.0011877316202514548,6.810959221374574e-05
726ac279ac939ec716ad5598556071582cc542107c96380236eb1857d7f439be,computer,computer,5,computer,"computer,book",0.8034954244454462,0.1261929891476704,0.07031158640688341
0d6fc56f8346e9267f8a3eafaea82eab9298c6be3c77dfad3741446f90101316,computer,computer,4,computer,"computer,book",0.9999877012084588,6.276433583396154e-06,6.022357957862458e-06
a54f07458ab37b51ffa2b284e3e73b912e978f4bdf7d9e1de0cf43a810501f8d,computer,computer,4,computer,"computer,book",0.9997283569298162,0.00014319833519157838,0.0001284447349923203
87969170da6f155fe7f195a0886f13161d4e6975e84054c832ec527060fb83e1,computer,computer,1,computer,"computer,other",0.9990233993701487,0.00026535909045819205,0.0007112415393929263
f56c4439afb307bb023e950ae501a76c48954e4996cafdc1aa5d77078354633b,computer,computer,1,computer,"computer,book",0.9983332648755108,0.001599157583643061,6.757754084594223e-05
8b37fc49b8398f74113d69a8ac4569c882a90fd66aa78fc03bf9cc4ecb8097bb,computer,computer,2,computer,"computer,other",0.9814400274583116,0.0055945100915185545,0.01296546245016974
16d9f845065f937567bc62e512cd74dd7f8083a306d00037a29218405389f1b0,computer,computer,5,computer,"computer,other",0.8189889617379322,0.03301915164407154,0.14799188661799625
49b91960b17494d03ec46efa05a3dbbc6ef235732bbfba1b12ce26dbc665c859,computer,computer,3,computer,"computer,other",0.9704405710320425,0.006709186052570237,0.022850242915387342
de6833f78348da612f2b934c5c87f99c683bfe577b1d34d75767548e0aeba583,computer,computer,5,computer,"computer,other",0.9296794007283181,0.03249724628740035,0.03782335298428176
f66e48994297ae96b5a9046da6286e6705563ebe3880652374792cd35c041deb,computer,computer,3,computer,"computer,book",0.9988088079943247,0.0009279749583299455,0.00026321704734536954
64240308f10b054a3fd1618b5362f9ab1c0d8dd1dbe4f67ee391a39ad625b27c,computer,computer,4,computer,"computer,other",0.9999449256578188,4.0330652630719824e-08,5.503401152862375e-05
f03a3e94d1ed066102a1ce1d9e3e27f17cd92bc08317d6924e276c54ac777fd3,computer,computer,3,computer,"computer,book",0.8796140622664319,0.1053997338112702,0.014986203922297886
26641b1e0652d5f2d501f3ef3ea9dacde2ff11d3c216df8d56063eb9d73b612b,computer,computer,2,computer,"computer,book",0.9608273008319851,0.03620863861037162,0.0029640605576433513
0cddc137a9381adedecd11afded0d9af090d0a18057ff7ade963e3636b4e8403,computer,computer,4,computer,"computer,book",0.9999678832748641,2.1490399964132915e-05,1.0626325171643206e-05
8c2d99045919569e3184555040f1434c0bd9bca342f97a63286f45e25ef8bff0,computer,computer,5,computer,"computer,other",0.8028145808551577,0.09056535806410113,0.1066200610807412
8eb1397ec6f4a861281c6adc2e92d64ca6f7d5932843a1a0869be2f0928ab615,computer,computer,2,computer,"computer,book",0.9949087094079868,0.0037949686088633743,0.0012963219831496585
86edd025c291b992214bcd43d9fc1607b3fc186d30935f05926a09fb5896f510,computer,computer,5,computer,"computer,other",0.7129884177950565,0.1353763354531884,0.15163524675175508
ceb28eb59cca87e793a57e339c492e7d2d4283306cdc2bf7b645aafba1321123,computer,computer,2,computer,"computer,book",0.9939799075715068,0.005067490926839164,0.0009526015016540608
cb524472fc4e53f1fbd68f1d79886c2f0eb71cb18920ecc8a2375e2a7a4612c9,computer,computer,4,computer,"computer,other",0.9087665325917271,0.02590965267300946,0.06532381473526339
6d21969a3c4b0a8cc1c41bb9ca9e99c5672df8f46230d465878b45fed9a35527,computer,computer,4,other,"other,book",0.005995025533657963,0.05771520736294176,0.9362897671034004
db00b88b04585dc6330dee7221cdb877be12d7e54be23e6f379a27c1cfdb765d,computer,computer,3,computer,"computer,other",0.9179958888823794,0.0038207347171819,0.0781833764004389
c82aa5234f049bcd94e55b94145532c5a149d7412d5fa9246878a39bdba14c81,computer,computer,1,computer,"computer,book",0.8940301492253765,0.06976477071342052,0.03620508006120304
4e12797d4622536c1d0f68b1815c937992de7fcad78152703e8b0084229c9162,computer,computer,3,computer,"computer,book",0.929092068797721,0.05447154335233087,0.016436387849948206
3dce418cbdafde48273ae53fcecb8f2eda36ec06d20088097f7068f7d4218884,computer,computer,4,computer,"computer,book",0.9921700803548782,0.007037282732801333,0.0007926369123204437
e648fb4a794f003c7509d3cd01b635e536d7eab7acbbbb71c01f50c79176d9d3,computer,computer,5,book,"book,computer",0.33514516267259753,0.4476851555662053,0.21716968176119705
d5c1a9e5623e54271fbe9b7fae124facc0671a7b0d4288a3294b2312ef1674a0,table,other,3,other,"other,book",0.0006200534466002681,0.005077432167392033,0.9943025143860076
d0be7630d53c9ba97efd43379765b7193e36dee323cae3d7cc3497a255dafe1a,table,other,2,other,"other,computer",0.0019097163902341999,0.0005587295555123721,0.9975315540542534
6bd3ffa092107551847ff7f0a3d6291caaac42759a1165ea04e305eec136fc43,table,other,1,computer,"computer,other",0.5834548584148874,0.04113883671596516,0.3754063048691474
0b4a5d9523b11b41884df1459bf82490a5a55ed7a63d03666f35841c2d551b6d,table,other,2,book,"book,other",0.013915539631000692,0.8641140186908687,0.12197044167813068
aaa4719edada8e8d9969ee2f93328490e9592d693a762accc4b885eb6b92da54,table,other,5,other,"other,book",0.1382263992315237,0.20965938754157568,0.6521142132269007
a7ecf7f9875cbbfa37d32ca84edf48d8f03af1d66d94e8fc6e62f0f8e43af956,table,other,5,other,"other,computer",0.06718290117405686,0.03939568892004411,0.8934214099058991
e5d66bc50e2a5e9c75b7892a4c43a2e0017087b22bd6fdeca15eb02977d1f950,table,other,4,other,"other,book",0.00024784177254290937,0.07694161716002537,0.9228105410674317
840946faad5728ebe977a2f1e5e095e1d43de30bbbbd761af100b82c47265e75,table,other,5,other,"other,book",0.051624848224436304,0.1426623183459512,0.8057128334296125
80d9c372149df1bfe725b1c9af4f9e355219150fa5e5393ea3524dde966ab65e,table,other,5,other,"other,computer",0.08477003561273296,0.06252578880179323,0.8527041755854737
89753f536f4986cb0c1d61ddfcc686c13c14e677e065756484f8f0b0b53c901d,table,other,1,other,"other,computer",0.03807881917076411,0.034773715953035855,0.9271474648761999
6462977fb335123c082fcec34b8e3218de30a5a13133a8278f344f0ae0721391,table,other,3,other,"other,computer",6.798255302516843e-05,1.096941861858118e-05,0.9999210480283562
264493f9bd5d6acde99fde7efae499fdad94c56c6be9e4066839d1d0573b95ba,table,other,4,other,"other,book",0.001739393965492115,0.056655603882020546,0.9416050021524874
f16fb52e56c382a46526c155b288419985f87e6279410ff7e41375fc8787ff6e,table,other,1,other,"other,computer",0.20919856227110167,0.11608657713821965,0.6747148605906786
4b32f58d4605d7f17a9c2cda70098caa5ab36dba581e2f582cc1ce62ebf660b5,table,other,5,other,"other,computer",0.13246597148715517,0.06695396874254991,0.8005800597702949
1e1db0c3cca22433ccb67c6114c9f681ac43174fb5f8870c8407445e0a6b4a61,table,other,3,other,"other,computer",0.00019304455854207104,8.546567028464408e-07,0.9998061007847552
